{"cameraMode":{"drawMode":0,"name":"Shaded","section":"Shading Mode"},"sceneLighting":true,"audioPlay":false,"sceneViewState":{"showFog":true,"showMaterialUpdate":false,"showSkybox":true,"showFlares":true,"showImageEffects":true,"showParticleSystems":true,"showVisualEffectGraphs":true,"m_FxEnabled":true},"in2DMode":false,"pivot":{"x":28.899852752685548,"y":1.1444474458694459,"z":-12.07242488861084},"rotation":{"x":0.03353935852646828,"y":-0.1974647343158722,"z":0.006755991373211145,"w":0.9797888994216919},"size":5.724525451660156,"orthographic":false}