{"cameraMode":{"drawMode":0,"name":"Shaded","section":"Shading Mode"},"sceneLighting":true,"audioPlay":false,"sceneViewState":{"showFog":true,"showMaterialUpdate":false,"showSkybox":true,"showFlares":true,"showImageEffects":true,"showParticleSystems":true,"showVisualEffectGraphs":true,"m_FxEnabled":true},"in2DMode":false,"pivot":{"x":53.43922805786133,"y":3.3042540550231935,"z":-30.984365463256837},"rotation":{"x":0.08236455172300339,"y":-0.14958757162094117,"z":0.012783178128302098,"w":0.9853213429450989},"size":2.3071253299713136,"orthographic":false}