{"cameraMode":{"drawMode":0,"name":"Shaded","section":"Shading Mode"},"sceneLighting":true,"audioPlay":false,"sceneViewState":{"showFog":true,"showMaterialUpdate":false,"showSkybox":true,"showFlares":true,"showImageEffects":true,"showParticleSystems":true,"showVisualEffectGraphs":true,"m_FxEnabled":true},"in2DMode":false,"pivot":{"x":24.928234100341798,"y":1.0841975212097169,"z":-17.479204177856447},"rotation":{"x":-0.05310431867837906,"y":0.5967608690261841,"z":-0.039629146456718448,"w":-0.7996787428855896},"size":3.3073947429656984,"orthographic":false}